image,page,live_page,section,slot,type,aspect,web_file,full_file,full_size,alt_text,made_with
about-hero.jpg,about,https://carlcelinodspnza.github.io/applied-kinesiology-sacramento-preview/about/,"Sacramento Applied Kinesiology, Roseville",hero,overlay,3:2,final_v2/web/about-hero.jpg,final_v2/full/about-hero.jpg,2040x1360,"Practitioner holding a cold-laser probe to a seated woman's shoulder while supporting her arm, with a glowing overlay of the arm and shoulder bones and a red glow at the shoulder joint.",Higgsfield Marketing Studio 2.5 Flare
about-drvw-learning.jpg,about/dr-van-wagenen,https://carlcelinodspnza.github.io/applied-kinesiology-sacramento-preview/about/dr-van-wagenen/,Still learning,new frame,editorial,1:1,final_v2/web/about-drvw-learning.jpg,final_v2/full/about-drvw-learning.jpg,2048x2048,"Study desk in the clinic with a model spine, a stack of textbooks, an open notebook with reading glasses and a cup of coffee.",Higgsfield Marketing Studio 2.5 Flare
ak-roof.jpg,applied-kinesiology,https://carlcelinodspnza.github.io/applied-kinesiology-sacramento-preview/applied-kinesiology/,"The method and the instruments, under one roof",frame,overlay,1:1,final_v2/web/ak-roof.jpg,final_v2/full/ak-roof.jpg,2048x2048,"Practitioner's hand on a seated man's shoulder, with a glowing overlay of the neck and shoulder and a red glow at the top of the shoulder.",Higgsfield Marketing Studio 2.5 Flare
ak-mtest.jpg,applied-kinesiology (+ first-visit),https://carlcelinodspnza.github.io/applied-kinesiology-sacramento-preview/applied-kinesiology/,"Muscle testing, in plain terms",frame,overlay,5:4,final_v2/web/ak-mtest.jpg,final_v2/full/ak-mtest.jpg,1700x1360,"Manual muscle test: the practitioner presses down on a seated woman's outstretched arm, with a glowing overlay of the arm and shoulder muscles and a red glow at the shoulder.",Higgsfield Marketing Studio 2.5 Flare
ak-balance.jpg,"applied-kinesiology (+ is-muscle-testing-legitimate, faq, first-visit)",https://carlcelinodspnza.github.io/applied-kinesiology-sacramento-preview/applied-kinesiology/,Applied Kinesiology in Roseville; A balance weighing what a method can and cannot claim,motif / balance placeholders,plate,1:1,final_v2/web/ak-balance.jpg,final_v2/full/ak-balance.jpg,2048x2048,"Engraving-style illustration of a two-pan balance scale, level.","fal Nano Banana Pro (first-set plate, kept)"
ak-chain.jpg,applied-kinesiology/is-muscle-testing-legitimate (+ condition pages' chain concept),https://carlcelinodspnza.github.io/applied-kinesiology-sacramento-preview/applied-kinesiology/is-muscle-testing-legitimate/,"One input, always corroborated",frame (placeholder: one link in a chain),plate,7:5,final_v2/web/ak-chain.jpg,final_v2/full/ak-chain.jpg,2374x1696,Engraving-style illustration of a chain with one larger link in the middle.,"fal Nano Banana Pro (first-set plate, kept)"
ak-legit-hero.jpg,applied-kinesiology/is-muscle-testing-legitimate (+ faq),https://carlcelinodspnza.github.io/applied-kinesiology-sacramento-preview/applied-kinesiology/is-muscle-testing-legitimate/,Is Muscle Testing Real? An Honest Answer,hero,overlay,7:5,final_v2/web/ak-legit-hero.jpg,final_v2/full/ak-legit-hero.jpg,1904x1360,"Manual muscle test: the practitioner's flat hand presses on a lying patient's raised forearm while he steadies her elbow; the forearm muscles glow, with red at the muscle being tested.",Higgsfield Marketing Studio 2.5 Flare
ak-who-imaging.jpg,applied-kinesiology/who-its-for,https://carlcelinodspnza.github.io/applied-kinesiology-sacramento-preview/applied-kinesiology/who-its-for/,What the assessment actually covers,motif,editorial,4:5,final_v2/web/ak-who-imaging.jpg,final_v2/full/ak-who-imaging.jpg,1744x2180,A patient hands an X-ray of the lower spine across a table to the practitioner.,Higgsfield Marketing Studio 2.5 Flare
book-hero.jpg,book,https://carlcelinodspnza.github.io/applied-kinesiology-sacramento-preview/book/,Tell us what is going on,hero,editorial,7:4,final_v2/web/book-hero.jpg,final_v2/full/book-hero.jpg,2660x1520,"Front desk by a window with a white desk telephone, an open appointment book and pen, and a sprig of eucalyptus, the treatment room behind.",Higgsfield Marketing Studio 2.5 Flare
cond-auto-assess.jpg,conditions/auto-accident-injury,https://carlcelinodspnza.github.io/applied-kinesiology-sacramento-preview/conditions/auto-accident-injury/,The questions this examination is built to answer,assessment,overlay,7:5,final_v2/web/cond-auto-assess.jpg,final_v2/full/cond-auto-assess.jpg,1904x1360,"Practitioner's hand on the upper back of a seated man, with a glowing overlay of the neck, spine and shoulder blades and a red glow at the base of the neck.",Higgsfield Marketing Studio 2.5 Flare
cond-auto-hero.jpg,conditions/auto-accident-injury,https://carlcelinodspnza.github.io/applied-kinesiology-sacramento-preview/conditions/auto-accident-injury/,Auto Accident Injury Care in Roseville,hero (placeholder: collision impact through the neck),plate,7:5,final_v2/web/cond-auto-hero.jpg,final_v2/full/cond-auto-hero.jpg,1904x1360,"Engraving-style illustration of the seven neck vertebrae in side view, with concentric rings at mid-neck marking a whiplash impact.",Higgsfield Marketing Studio 2.5 Flare (redrawn plate)
cond-auto-treat.jpg,conditions/auto-accident-injury,https://carlcelinodspnza.github.io/applied-kinesiology-sacramento-preview/conditions/auto-accident-injury/,"Settle the irritated tissue, then restore what stopped moving",treatment,overlay,7:5,final_v2/web/cond-auto-treat.jpg,final_v2/full/cond-auto-treat.jpg,1904x1360,"Man lying face down while a stand-mounted laser shines three red lines on his upper back, with a glowing overlay of the spine and shoulder blade and a red glow at the base of the neck.",Higgsfield Marketing Studio 2.5 Flare
cond-carpal-assess.jpg,conditions/carpal-tunnel,https://carlcelinodspnza.github.io/applied-kinesiology-sacramento-preview/conditions/carpal-tunnel/,We follow the nerve from the neck to the fingertip,assessment (placeholder: nerve root leaving the spine),plate,7:5,final_v2/web/cond-carpal-assess.jpg,final_v2/full/cond-carpal-assess.jpg,2374x1696,"Engraving-style illustration of the arm from neck to fingertips, tracing the median nerve from the neck, past the shoulder and down the arm into the hand.","fal Nano Banana Pro (first-set plate, kept)"
cond-carpal-hero.jpg,conditions/carpal-tunnel,https://carlcelinodspnza.github.io/applied-kinesiology-sacramento-preview/conditions/carpal-tunnel/,Carpal Tunnel Treatment in Roseville,hero (placeholder: carpal tunnel and the nerve path through the wrist),plate,7:5,final_v2/web/cond-carpal-hero.jpg,final_v2/full/cond-carpal-hero.jpg,1904x1360,"Engraving-style illustration of the hand and wrist bones, with the median nerve passing under the ligament band at the wrist and branching into the thumb and first fingers.",Higgsfield Marketing Studio 2.5 Flare (redrawn plate)
cond-carpal-treat.jpg,conditions/carpal-tunnel,https://carlcelinodspnza.github.io/applied-kinesiology-sacramento-preview/conditions/carpal-tunnel/,"Free the tunnel, then unload the path into it",treatment,overlay,7:5,final_v2/web/cond-carpal-treat.jpg,final_v2/full/cond-carpal-treat.jpg,1904x1360,"Handheld cold-laser probe shining on the wrist of a patient's outstretched hand, with a glowing overlay of the hand bones and nerve and a red glow at the carpal tunnel.",Higgsfield Marketing Studio 2.5 Flare
cond-fibro-assess.jpg,conditions/fibromyalgia,https://carlcelinodspnza.github.io/applied-kinesiology-sacramento-preview/conditions/fibromyalgia/,One appointment that looks at the whole load,assessment,overlay,7:5,final_v2/web/cond-fibro-assess.jpg,final_v2/full/cond-fibro-assess.jpg,1904x1360,"Practitioner's hands resting on a seated woman's shoulders, with a glowing overlay of the spine and back muscles and several small red tender points.",Higgsfield Marketing Studio 2.5 Flare
cond-fibro-hero.jpg,conditions/fibromyalgia,https://carlcelinodspnza.github.io/applied-kinesiology-sacramento-preview/conditions/fibromyalgia/,Fibromyalgia Care in Roseville,hero (placeholder: body map with widespread tender points),plate,7:5,final_v2/web/cond-fibro-hero.jpg,final_v2/full/cond-fibro-hero.jpg,1904x1360,"Engraving-style illustration of the human body from behind, with small dots marking the classic fibromyalgia tender points.",Higgsfield Marketing Studio 2.5 Flare (redrawn plate)
cond-fibro-treat.jpg,conditions/fibromyalgia,https://carlcelinodspnza.github.io/applied-kinesiology-sacramento-preview/conditions/fibromyalgia/,"Low force first, and less of it than you expect",treatment,overlay,7:5,final_v2/web/cond-fibro-treat.jpg,final_v2/full/cond-fibro-treat.jpg,1904x1360,"Woman lying face down while the practitioner uses a small adjusting instrument beside her upper spine, with a glowing overlay of the spine and shoulder blades and red tender points.",Higgsfield Marketing Studio 2.5 Flare
cond-frozen-assess.jpg,conditions/frozen-shoulder,https://carlcelinodspnza.github.io/applied-kinesiology-sacramento-preview/conditions/frozen-shoulder/,We test what the arm is standing on,assessment,overlay,7:5,final_v2/web/cond-frozen-assess.jpg,final_v2/full/cond-frozen-assess.jpg,1904x1360,"Practitioner holding a seated woman's arm out to the side while feeling her shoulder blade, with a glowing overlay of the shoulder and arm bones and a red glow at the shoulder joint.",Higgsfield Marketing Studio 2.5 Flare
cond-frozen-hero.jpg,conditions/frozen-shoulder,https://carlcelinodspnza.github.io/applied-kinesiology-sacramento-preview/conditions/frozen-shoulder/,Frozen Shoulder Treatment in Roseville,hero (placeholder: shoulder joint with a restricted arc),plate,7:5,final_v2/web/cond-frozen-hero.jpg,final_v2/full/cond-frozen-hero.jpg,1904x1360,"Engraving-style illustration of the shoulder joint, with a dotted arc showing the arm's full range and a short solid arc showing the limited range of a frozen shoulder.",Higgsfield Marketing Studio 2.5 Flare (redrawn plate)
cond-frozen-treat.jpg,conditions/frozen-shoulder,https://carlcelinodspnza.github.io/applied-kinesiology-sacramento-preview/conditions/frozen-shoulder/,Give the capsule a reason to let go,treatment,overlay,7:5,final_v2/web/cond-frozen-treat.jpg,final_v2/full/cond-frozen-treat.jpg,1904x1360,"Practitioner steadying a seated woman's shoulder and supporting her outstretched arm, with a glowing overlay of the shoulder and arm bones and a red glow at the shoulder joint.",Higgsfield Marketing Studio 2.5 Flare
cond-headache-assess.jpg,conditions/headache-migraine,https://carlcelinodspnza.github.io/applied-kinesiology-sacramento-preview/conditions/headache-migraine/,We look hardest at the days between the headaches,assessment,overlay,7:5,final_v2/web/cond-headache-assess.jpg,final_v2/full/cond-headache-assess.jpg,1904x1360,"Practitioner's fingertips at the base of a seated woman's skull, with a glowing overlay of the neck vertebrae and a red glow at the upper neck.",Higgsfield Marketing Studio 2.5 Flare
cond-headache-hero.jpg,conditions/headache-migraine,https://carlcelinodspnza.github.io/applied-kinesiology-sacramento-preview/conditions/headache-migraine/,Headache and Migraine Care in Roseville,hero (placeholder: head and neck with the upper cervical segments),plate,7:5,final_v2/web/cond-headache-hero.jpg,final_v2/full/cond-headache-hero.jpg,1904x1360,Engraving-style illustration of the skull and neck vertebrae in side view.,Higgsfield Marketing Studio 2.5 Flare (redrawn plate)
cond-headache-treat.jpg,conditions/headache-migraine,https://carlcelinodspnza.github.io/applied-kinesiology-sacramento-preview/conditions/headache-migraine/,"Work the neck, the jaw and the load behind them",treatment,overlay,7:5,final_v2/web/cond-headache-treat.jpg,final_v2/full/cond-headache-treat.jpg,1904x1360,"Handheld cold-laser probe at the base of a seated woman's skull, with a glowing overlay of the neck and a red glow at the top of the neck.",Higgsfield Marketing Studio 2.5 Flare
cond-lbp-assess.jpg,conditions/low-back-pain,https://carlcelinodspnza.github.io/applied-kinesiology-sacramento-preview/conditions/low-back-pain/,"We test the whole chain, not only the sore part",assessment,overlay,7:5,final_v2/web/cond-lbp-assess.jpg,final_v2/full/cond-lbp-assess.jpg,2336x1669,"Straight-leg-raise test: the practitioner lifts a man's leg as he lies on his back, with a glowing overlay of the lower spine, pelvis and thigh bone and a red glow at the lower back.",Higgsfield Marketing Studio 2.5 Flare
cond-lbp-hero.jpg,conditions/low-back-pain,https://carlcelinodspnza.github.io/applied-kinesiology-sacramento-preview/conditions/low-back-pain/,Low Back Pain Treatment in Roseville,hero (placeholder: lumbar spine seen from the side),plate,7:5,final_v2/web/cond-lbp-hero.jpg,final_v2/full/cond-lbp-hero.jpg,1904x1360,Engraving-style illustration of the five lumbar vertebrae and the sacrum in side view.,Higgsfield Marketing Studio 2.5 Flare (redrawn plate)
cond-lbp-treat.jpg,conditions/low-back-pain,https://carlcelinodspnza.github.io/applied-kinesiology-sacramento-preview/conditions/low-back-pain/,"Hands and instruments, in the same room",treatment,overlay,7:5,final_v2/web/cond-lbp-treat.jpg,final_v2/full/cond-lbp-treat.jpg,1904x1360,"Man lying face down while a stand-mounted laser shines three red lines on his lower back, with a glowing overlay of the lower spine and pelvis and a red glow at the lowest vertebrae.",Higgsfield Marketing Studio 2.5 Flare
cond-oa-assess.jpg,conditions/osteoarthritis,https://carlcelinodspnza.github.io/applied-kinesiology-sacramento-preview/conditions/osteoarthritis/,We measure what the joint is being asked to carry,assessment,overlay,7:5,final_v2/web/cond-oa-assess.jpg,final_v2/full/cond-oa-assess.jpg,1904x1360,"Practitioner kneeling beside a man in a shallow squat and feeling the outside of his knee, with a glowing overlay of the knee joint and a red glow at the knee.",Higgsfield Marketing Studio 2.5 Flare
cond-oa-hero.jpg,conditions/osteoarthritis,https://carlcelinodspnza.github.io/applied-kinesiology-sacramento-preview/conditions/osteoarthritis/,Osteoarthritis Care in Roseville,hero (placeholder: joint surfaces with a narrowed space),plate,7:5,final_v2/web/cond-oa-hero.jpg,final_v2/full/cond-oa-hero.jpg,1904x1360,"Engraving-style illustration of the knee joint from the front, showing the thigh bone, shin bone, kneecap and the ligament between them.",Higgsfield Marketing Studio 2.5 Flare (redrawn plate)
cond-oa-treat.jpg,conditions/osteoarthritis,https://carlcelinodspnza.github.io/applied-kinesiology-sacramento-preview/conditions/osteoarthritis/,Change the load before you change the joint,treatment,overlay,7:5,final_v2/web/cond-oa-treat.jpg,final_v2/full/cond-oa-treat.jpg,1904x1360,"Man seated on the table with legs out straight while a stand-mounted laser shines red lines on his knee, with a glowing overlay of the leg bones and a red glow at the knee joint.",Higgsfield Marketing Studio 2.5 Flare
cond-osteo-assess.jpg,conditions/osteoporosis,https://carlcelinodspnza.github.io/applied-kinesiology-sacramento-preview/conditions/osteoporosis/,The examination sets the force ceiling before anything else,assessment,overlay,7:5,final_v2/web/cond-osteo-assess.jpg,final_v2/full/cond-osteo-assess.jpg,1904x1360,"Older woman balancing on one foot, holding the table edge, the practitioner ready to steady her; a glowing overlay of the spine and hip with red glows at the mid back and hip.",Higgsfield Marketing Studio 2.5 Flare
cond-osteo-hero.jpg,conditions/osteoporosis,https://carlcelinodspnza.github.io/applied-kinesiology-sacramento-preview/conditions/osteoporosis/,Osteoporosis Care in Roseville,hero (placeholder: trabecular bone becoming less dense),plate,7:5,final_v2/web/cond-osteo-hero.jpg,final_v2/full/cond-osteo-hero.jpg,1904x1360,"Engraving-style illustration of two thigh bones side by side, the one on the right with a sparser inner lattice, showing bone loss.",Higgsfield Marketing Studio 2.5 Flare (redrawn plate)
cond-osteo-treat.jpg,conditions/osteoporosis,https://carlcelinodspnza.github.io/applied-kinesiology-sacramento-preview/conditions/osteoporosis/,"Low force, and the parts of this that are not adjusting at all",treatment,overlay,7:5,final_v2/web/cond-osteo-treat.jpg,final_v2/full/cond-osteo-treat.jpg,1904x1360,"Older woman lying face down while the practitioner applies a small adjusting instrument to her mid back, with a glowing overlay of the spine and inner ribs and a red glow at the mid back.",Higgsfield Marketing Studio 2.5 Flare
cond-pinched-assess.jpg,conditions/pinched-nerve,https://carlcelinodspnza.github.io/applied-kinesiology-sacramento-preview/conditions/pinched-nerve/,We test the whole run of the nerve,assessment,overlay,7:5,final_v2/web/cond-pinched-assess.jpg,final_v2/full/cond-pinched-assess.jpg,1904x1360,"Practitioner testing the reflex at the elbow of a man lying on the table, with a glowing overlay of the nerve running from his neck down the arm and a red glow where it leaves the neck.",Higgsfield Marketing Studio 2.5 Flare
cond-pinched-hero.jpg,conditions/pinched-nerve,https://carlcelinodspnza.github.io/applied-kinesiology-sacramento-preview/conditions/pinched-nerve/,Pinched Nerve Treatment in Roseville,hero (placeholder: nerve root at a compressed segment),plate,7:5,final_v2/web/cond-pinched-hero.jpg,final_v2/full/cond-pinched-hero.jpg,1904x1360,"Engraving-style illustration of two vertebrae in side view, with a bulging disc pressing on a nerve root where it leaves the spine.",Higgsfield Marketing Studio 2.5 Flare (redrawn plate)
cond-pinched-treat.jpg,conditions/pinched-nerve,https://carlcelinodspnza.github.io/applied-kinesiology-sacramento-preview/conditions/pinched-nerve/,"Take the pressure off, then keep it off",treatment,overlay,7:5,final_v2/web/cond-pinched-treat.jpg,final_v2/full/cond-pinched-treat.jpg,1904x1360,"Man lying face down with a ring-shaped PEMF coil resting on his upper back, cabled to a console, with a glowing overlay of the spine and a red glow at the base of the neck.",Higgsfield Marketing Studio 2.5 Flare
cond-plantar-treat.jpg,conditions/plantar-fasciitis,https://carlcelinodspnza.github.io/applied-kinesiology-sacramento-preview/conditions/plantar-fasciitis/,What treatment involves,new frame beside the treatment section,overlay,1:1,final_v2/web/cond-plantar-treat.jpg,final_v2/full/cond-plantar-treat.jpg,2048x2048,"Stand-mounted laser shining three red lines on the heel of a bare foot resting on a towel, with a glowing overlay of the foot bones and a red glow under the heel.",Higgsfield Marketing Studio 2.5 Flare
cond-pregnancy-treat.jpg,conditions/pregnancy-pain,https://carlcelinodspnza.github.io/applied-kinesiology-sacramento-preview/conditions/pregnancy-pain/,What treatment involves,new frame beside the treatment section,overlay,1:1,final_v2/web/cond-pregnancy-treat.jpg,final_v2/full/cond-pregnancy-treat.jpg,2048x2048,"Pregnant woman seated on the treatment table, the practitioner's hands on her lower back, with a glowing side view of the lower spine and pelvis and a red glow at the sacroiliac joint.",Higgsfield Marketing Studio 2.5 Flare
cond-sciatica-treat.jpg,conditions/sciatica,https://carlcelinodspnza.github.io/applied-kinesiology-sacramento-preview/conditions/sciatica/,What treatment involves,new frame beside the treatment section,overlay,3:2,final_v2/web/cond-sciatica-treat.jpg,final_v2/full/cond-sciatica-treat.jpg,2040x1360,"Man lying face down while the practitioner holds a laser probe over his buttock, with a glowing overlay of the pelvis and the sciatic nerve down the leg and a red glow at the buttock.",Higgsfield Marketing Studio 2.5 Flare
cond-scoliosis-treat.jpg,conditions/scoliosis,https://carlcelinodspnza.github.io/applied-kinesiology-sacramento-preview/conditions/scoliosis/,What treatment involves,new frame beside the treatment section,overlay,1:1,final_v2/web/cond-scoliosis-treat.jpg,final_v2/full/cond-scoliosis-treat.jpg,2048x2048,"Woman lying face down while the practitioner's hands rest either side of her spine, with a glowing overlay of a gently curved spine and a red glow along the muscles on one side.",Higgsfield Marketing Studio 2.5 Flare
cond-shoulder-treat.jpg,conditions/shoulder-pain,https://carlcelinodspnza.github.io/applied-kinesiology-sacramento-preview/conditions/shoulder-pain/,What treatment involves,new frame beside the treatment section,overlay,1:1,final_v2/web/cond-shoulder-treat.jpg,final_v2/full/cond-shoulder-treat.jpg,2048x2048,"Practitioner working along the edge of a seated man's shoulder blade, with a glowing overlay of the shoulder blade and rotator cuff and a red glow at the top of the shoulder.",Higgsfield Marketing Studio 2.5 Flare
cond-disc-treat.jpg,conditions/slipped-disc,https://carlcelinodspnza.github.io/applied-kinesiology-sacramento-preview/conditions/slipped-disc/,What treatment involves,new frame beside the treatment section,overlay,1:1,final_v2/web/cond-disc-treat.jpg,final_v2/full/cond-disc-treat.jpg,2048x2048,"Man lying face down with a ring-shaped PEMF coil on his lower back, cabled to a console, with a glowing overlay of the spine and a red glow at the lowest lumbar disc.",Higgsfield Marketing Studio 2.5 Flare
cond-stress-treat.jpg,conditions/stress,https://carlcelinodspnza.github.io/applied-kinesiology-sacramento-preview/conditions/stress/,What treatment involves,new frame beside the treatment section,overlay,1:1,final_v2/web/cond-stress-treat.jpg,final_v2/full/cond-stress-treat.jpg,2048x2048,"Practitioner's thumbs pressing into the tops of a face-down woman's shoulders, with a glowing overlay of the neck and upper back muscles and red glows at the base of the neck.",Higgsfield Marketing Studio 2.5 Flare
cond-tennis-treat.jpg,conditions/tennis-elbow,https://carlcelinodspnza.github.io/applied-kinesiology-sacramento-preview/conditions/tennis-elbow/,What treatment involves,new frame beside the treatment section,overlay,1:1,final_v2/web/cond-tennis-treat.jpg,final_v2/full/cond-tennis-treat.jpg,2048x2048,"Handheld cold-laser probe at the outer elbow of a man lying on the table with his arm on a towel, with a glowing overlay of the elbow and forearm and a red glow at the outer elbow.",Higgsfield Marketing Studio 2.5 Flare
cond-neck-treat.jpg,conditions/upper-back-neck-pain,https://carlcelinodspnza.github.io/applied-kinesiology-sacramento-preview/conditions/upper-back-neck-pain/,What treatment involves,new frame beside the treatment section,overlay,1:1,final_v2/web/cond-neck-treat.jpg,final_v2/full/cond-neck-treat.jpg,2048x2048,"Practitioner's stacked hands on the upper back of a woman lying face down, with a glowing overlay of the spine and shoulder blades and a red glow between the shoulder blades.",Higgsfield Marketing Studio 2.5 Flare
cond-whiplash-treat.jpg,conditions/whiplash,https://carlcelinodspnza.github.io/applied-kinesiology-sacramento-preview/conditions/whiplash/,What treatment involves,new frame beside the treatment section,overlay,1:1,final_v2/web/cond-whiplash-treat.jpg,final_v2/full/cond-whiplash-treat.jpg,2048x2048,"Practitioner's hands on either side of the neck of a woman lying face down, with a glowing overlay of the neck vertebrae and a red glow along the neck muscles.",Higgsfield Marketing Studio 2.5 Flare
cond-work-treat.jpg,conditions/work-injury,https://carlcelinodspnza.github.io/applied-kinesiology-sacramento-preview/conditions/work-injury/,What treatment involves,new frame beside the treatment section,overlay,1:1,final_v2/web/cond-work-treat.jpg,final_v2/full/cond-work-treat.jpg,2048x2048,"Man in work clothes squatting to lift a box while the practitioner guides his lower back, with a glowing overlay of the lower spine and pelvis and a red glow at the lower back.",Higgsfield Marketing Studio 2.5 Flare
pi-faq-hero.jpg,patient-info/faq,https://carlcelinodspnza.github.io/applied-kinesiology-sacramento-preview/patient-info/faq/,Frequently Asked Questions,hero,editorial,4:3,final_v2/web/pi-faq-hero.jpg,final_v2/full/pi-faq-hero.jpg,2325x1744,"Patient and practitioner talking across a small round table with cups of tea and a notebook, the clinic behind them.",Higgsfield Marketing Studio 2.5 Flare
pi-first-bring.jpg,patient-info/first-visit,https://carlcelinodspnza.github.io/applied-kinesiology-sacramento-preview/patient-info/first-visit/,Five minutes of preparation saves half the appointment,frame,editorial,7:5,final_v2/web/pi-first-bring.jpg,final_v2/full/pi-first-bring.jpg,1904x1360,"What to bring to a first visit: an X-ray in its envelope, a medication list, a pill organiser, medicine boxes, an intake form on a clipboard, and reading glasses.",Higgsfield Marketing Studio 2.5 Flare
pi-first-hero.jpg,patient-info/first-visit,https://carlcelinodspnza.github.io/applied-kinesiology-sacramento-preview/patient-info/first-visit/,Your First Visit: What to Expect,hero,overlay,7:5,final_v2/web/pi-first-hero.jpg,final_v2/full/pi-first-hero.jpg,1904x1360,"Practitioner with a clipboard talking with a seated man at his first visit, with a glowing overlay of his spine and a red glow at the lower back.",Higgsfield Marketing Studio 2.5 Flare
pi-forms-hero.jpg,patient-info/forms,https://carlcelinodspnza.github.io/applied-kinesiology-sacramento-preview/patient-info/forms/,The forms are not downloadable here yet,hero,editorial,5:3,final_v2/web/pi-forms-hero.jpg,final_v2/full/pi-forms-hero.jpg,2048x1229,"Blank intake form on a clipboard with a pen on the front counter, next to a desk telephone.",Higgsfield Marketing Studio 2.5 Flare
svc-hub-hero.jpg,services,https://carlcelinodspnza.github.io/applied-kinesiology-sacramento-preview/services/,Our Treatments in Roseville,hero,editorial,1:1,final_v2/web/svc-hub-hero.jpg,final_v2/full/svc-hub-hero.jpg,2048x2048,"The treatment room: a padded adjusting table, a stand-mounted laser on its arm, and a ring-shaped PEMF coil with its console on a side table.",Higgsfield Marketing Studio 2.5 Flare
svc-cold-hero.jpg,services/cold-laser-therapy,https://carlcelinodspnza.github.io/applied-kinesiology-sacramento-preview/services/cold-laser-therapy/,Cold Laser Therapy in Roseville,hero,overlay,1:1,final_v2/web/svc-cold-hero.jpg,final_v2/full/svc-cold-hero.jpg,2048x2048,"Handheld cold-laser probe at the inner knee of a woman sitting on the treatment table, with a glowing overlay of the knee joint and a red glow at the joint.",Higgsfield Marketing Studio 2.5 Flare
svc-fx635-device.jpg,services/fx-635-laser-therapy,https://carlcelinodspnza.github.io/applied-kinesiology-sacramento-preview/services/fx-635-laser-therapy/,"The device, described honestly",frame,overlay,1:1,final_v2/web/svc-fx635-device.jpg,final_v2/full/svc-fx635-device.jpg,2048x2048,"Stand-mounted low-level laser shining three red lines onto a patient's heel, with a glowing overlay of the foot bones and a red glow under the heel.",Higgsfield Marketing Studio 2.5 Flare
svc-hormone-thyroid.jpg,services/hormone-therapy-management,https://carlcelinodspnza.github.io/applied-kinesiology-sacramento-preview/services/hormone-therapy-management/,Hormone Therapy Management in Roseville,"hero (replaces the thyroid plate, which does not show a thyroid)",plate,1:1,final_v2/web/svc-hormone-thyroid.jpg,final_v2/full/svc-hormone-thyroid.jpg,2048x2048,"Engraving-style illustration of the thyroid gland on the windpipe, below the larynx.",Higgsfield Marketing Studio 2.5 Flare (redrawn plate)
svc-nutrition-consult.jpg,services/nutritional-counseling,https://carlcelinodspnza.github.io/applied-kinesiology-sacramento-preview/services/nutritional-counseling/,Who is actually giving the advice,new frame,editorial,1:1,final_v2/web/svc-nutrition-consult.jpg,final_v2/full/svc-nutrition-consult.jpg,2048x2048,"Nutrition consultation: the practitioner with an open food diary, a bowl of greens, lentils and berries, supplement bottles and water, the patient across the table.",Higgsfield Marketing Studio 2.5 Flare
svc-pemf-hero.jpg,services/pemf-therapy,https://carlcelinodspnza.github.io/applied-kinesiology-sacramento-preview/services/pemf-therapy/,PEMF Therapy in Roseville,hero,overlay,1:1,final_v2/web/svc-pemf-hero.jpg,final_v2/full/svc-pemf-hero.jpg,2048x2048,"Man lying face down with a ring-shaped PEMF coil resting on his lower back, cabled to its console, with a glowing overlay of the lower spine and pelvis and a red glow at the lower back.",Higgsfield Marketing Studio 2.5 Flare
