page,live_page,image,action,where,aspect,web_file,alt_text
about,https://carlcelinodspnza.github.io/applied-kinesiology-sacramento-preview/about/,about-hero.jpg,replace,"replaces the line drawing ""A drawn diagram of two overlapping fields. The left field is the method, applied kinesiology. The right field is the equipment, an FDA-cleared device stack. This practice sits in the overlap, where one licensed practitioner does both."" (slot 1 in <main>), under ""Sacramento Applied Kinesiology, Roseville""",3:2,final_v2/web/about-hero.jpg,"Practitioner holding a cold-laser probe to a seated woman's shoulder while supporting her arm, with a glowing overlay of the arm and shoulder bones and a red glow at the shoulder joint."
about/dr-van-wagenen,https://carlcelinodspnza.github.io/applied-kinesiology-sacramento-preview/about/dr-van-wagenen/,about-drvw-learning.jpg,new frame,"new frame beside the ""Still learning"" section: turn its full-width text column into the site's 7/5 text + frame split and put the image in the 5-column frame",1:1,final_v2/web/about-drvw-learning.jpg,"Study desk in the clinic with a model spine, a stack of textbooks, an open notebook with reading glasses and a cup of coffee."
applied-kinesiology,https://carlcelinodspnza.github.io/applied-kinesiology-sacramento-preview/applied-kinesiology/,ak-balance.jpg,replace,"replaces the line drawing ""A line diagram of an upright axis crossed by a level beam, with a shallow pan hanging from each end and three test points marked along the axis."" (slot 1 in <main>), under ""Applied Kinesiology in Roseville""",1:1,final_v2/web/ak-balance.jpg,"Engraving-style illustration of a two-pan balance scale, level."
applied-kinesiology,https://carlcelinodspnza.github.io/applied-kinesiology-sacramento-preview/applied-kinesiology/,ak-mtest.jpg,replace,"replaces the line drawing ""A line diagram of an arm held in a set position with a downward pressure arrow above it and a response reading marked below."" (slot 3 in <main>), under ""Muscle testing, in plain terms""",5:4,final_v2/web/ak-mtest.jpg,"Manual muscle test: the practitioner presses down on a seated woman's outstretched arm, with a glowing overlay of the arm and shoulder muscles and a red glow at the shoulder."
applied-kinesiology,https://carlcelinodspnza.github.io/applied-kinesiology-sacramento-preview/applied-kinesiology/,ak-roof.jpg,replace,"replaces the line drawing ""A line diagram of a single roofline over two joined panels, one marked with a hand and one with a wave."" (slot 9 in <main>), under ""The method and the instruments, under one roof""",1:1,final_v2/web/ak-roof.jpg,"Practitioner's hand on a seated man's shoulder, with a glowing overlay of the neck and shoulder and a red glow at the top of the shoulder."
applied-kinesiology/is-muscle-testing-legitimate,https://carlcelinodspnza.github.io/applied-kinesiology-sacramento-preview/applied-kinesiology/is-muscle-testing-legitimate/,ak-legit-hero.jpg,replace,"replaces the line drawing ""A muscle held against steady pressure while it is tested"" (slot 1 in <main>), under ""Is Muscle Testing Real? An Honest Answer""",7:5,final_v2/web/ak-legit-hero.jpg,"Manual muscle test: the practitioner's flat hand presses on a lying patient's raised forearm while he steadies her elbow; the forearm muscles glow, with red at the muscle being tested."
applied-kinesiology/is-muscle-testing-legitimate,https://carlcelinodspnza.github.io/applied-kinesiology-sacramento-preview/applied-kinesiology/is-muscle-testing-legitimate/,ak-balance.jpg,replace,"replaces the line drawing ""A balance weighing what a method can and cannot claim"" (slot 2 in <main>), under ""Is Muscle Testing Real? An Honest Answer""",1:1,final_v2/web/ak-balance.jpg,"Engraving-style illustration of a two-pan balance scale, level."
applied-kinesiology/is-muscle-testing-legitimate,https://carlcelinodspnza.github.io/applied-kinesiology-sacramento-preview/applied-kinesiology/is-muscle-testing-legitimate/,ak-chain.jpg,replace,"replaces the line drawing ""One link in a chain doing the work of the others"" (slot 3 in <main>), under ""One input, always corroborated""",7:5,final_v2/web/ak-chain.jpg,Engraving-style illustration of a chain with one larger link in the middle.
applied-kinesiology/who-its-for,https://carlcelinodspnza.github.io/applied-kinesiology-sacramento-preview/applied-kinesiology/who-its-for/,ak-who-imaging.jpg,replace,"replaces the line drawing (slot 4 in <main>), under ""What the assessment actually covers""",4:5,final_v2/web/ak-who-imaging.jpg,A patient hands an X-ray of the lower spine across a table to the practitioner.
book,https://carlcelinodspnza.github.io/applied-kinesiology-sacramento-preview/book/,book-hero.jpg,replace,"replaces the line drawing ""A diagram of a short form on the left with an arrow running to a calendar on the right."" (slot 1 in <main>), under ""Tell us what is going on""",7:4,final_v2/web/book-hero.jpg,"Front desk by a window with a white desk telephone, an open appointment book and pen, and a sprig of eucalyptus, the treatment room behind."
conditions/auto-accident-injury,https://carlcelinodspnza.github.io/applied-kinesiology-sacramento-preview/conditions/auto-accident-injury/,cond-auto-hero.jpg,replace,"replaces the line drawing ""A collision impact travelling through the neck"" (slot 1 in <main>), under ""Auto Accident Injury Care in Roseville""",7:5,final_v2/web/cond-auto-hero.jpg,"Engraving-style illustration of the seven neck vertebrae in side view, with concentric rings at mid-neck marking a whiplash impact."
conditions/auto-accident-injury,https://carlcelinodspnza.github.io/applied-kinesiology-sacramento-preview/conditions/auto-accident-injury/,cond-auto-assess.jpg,replace,"replaces the line drawing ""One link in a chain doing the work of the others"" (slot 2 in <main>), under ""Does this replace the medical work-up?""",7:5,final_v2/web/cond-auto-assess.jpg,"Practitioner's hand on the upper back of a seated man, with a glowing overlay of the neck, spine and shoulder blades and a red glow at the base of the neck."
conditions/auto-accident-injury,https://carlcelinodspnza.github.io/applied-kinesiology-sacramento-preview/conditions/auto-accident-injury/,cond-auto-treat.jpg,replace,"replaces the line drawing ""Hands, low level laser and a pulsed magnetic coil"" (slot 3 in <main>), under ""Settle the irritated tissue, then restore what stopped moving""",7:5,final_v2/web/cond-auto-treat.jpg,"Man lying face down while a stand-mounted laser shines three red lines on his upper back, with a glowing overlay of the spine and shoulder blade and a red glow at the base of the neck."
conditions/carpal-tunnel,https://carlcelinodspnza.github.io/applied-kinesiology-sacramento-preview/conditions/carpal-tunnel/,cond-carpal-hero.jpg,replace,"replaces the line drawing ""Carpal tunnel and the nerve path through the wrist"" (slot 1 in <main>), under ""Carpal Tunnel Treatment in Roseville""",7:5,final_v2/web/cond-carpal-hero.jpg,"Engraving-style illustration of the hand and wrist bones, with the median nerve passing under the ligament band at the wrist and branching into the thumb and first fingers."
conditions/carpal-tunnel,https://carlcelinodspnza.github.io/applied-kinesiology-sacramento-preview/conditions/carpal-tunnel/,cond-carpal-assess.jpg,replace,"replaces the line drawing ""A nerve root leaving the spine at a compressed segment"" (slot 2 in <main>), under ""We follow the nerve from the neck to the fingertip""",7:5,final_v2/web/cond-carpal-assess.jpg,"Engraving-style illustration of the arm from neck to fingertips, tracing the median nerve from the neck, past the shoulder and down the arm into the hand."
conditions/carpal-tunnel,https://carlcelinodspnza.github.io/applied-kinesiology-sacramento-preview/conditions/carpal-tunnel/,cond-carpal-treat.jpg,replace,"replaces the line drawing ""Hands, low level laser and a pulsed magnetic coil"" (slot 3 in <main>), under ""Free the tunnel, then unload the path into it""",7:5,final_v2/web/cond-carpal-treat.jpg,"Handheld cold-laser probe shining on the wrist of a patient's outstretched hand, with a glowing overlay of the hand bones and nerve and a red glow at the carpal tunnel."
conditions/fibromyalgia,https://carlcelinodspnza.github.io/applied-kinesiology-sacramento-preview/conditions/fibromyalgia/,cond-fibro-hero.jpg,replace,"replaces the line drawing ""Body map with widespread tender points"" (slot 1 in <main>), under ""Fibromyalgia Care in Roseville""",7:5,final_v2/web/cond-fibro-hero.jpg,"Engraving-style illustration of the human body from behind, with small dots marking the classic fibromyalgia tender points."
conditions/fibromyalgia,https://carlcelinodspnza.github.io/applied-kinesiology-sacramento-preview/conditions/fibromyalgia/,cond-fibro-assess.jpg,replace,"replaces the line drawing ""One link in a chain doing the work of the others"" (slot 2 in <main>), under ""One appointment that looks at the whole load""",7:5,final_v2/web/cond-fibro-assess.jpg,"Practitioner's hands resting on a seated woman's shoulders, with a glowing overlay of the spine and back muscles and several small red tender points."
conditions/fibromyalgia,https://carlcelinodspnza.github.io/applied-kinesiology-sacramento-preview/conditions/fibromyalgia/,cond-fibro-treat.jpg,replace,"replaces the line drawing ""Hands, low level laser and a pulsed magnetic coil"" (slot 3 in <main>), under ""Low force first, and less of it than you expect""",7:5,final_v2/web/cond-fibro-treat.jpg,"Woman lying face down while the practitioner uses a small adjusting instrument beside her upper spine, with a glowing overlay of the spine and shoulder blades and red tender points."
conditions/frozen-shoulder,https://carlcelinodspnza.github.io/applied-kinesiology-sacramento-preview/conditions/frozen-shoulder/,cond-frozen-hero.jpg,replace,"replaces the line drawing ""Shoulder joint with a restricted arc of movement"" (slot 1 in <main>), under ""Frozen Shoulder Treatment in Roseville""",7:5,final_v2/web/cond-frozen-hero.jpg,"Engraving-style illustration of the shoulder joint, with a dotted arc showing the arm's full range and a short solid arc showing the limited range of a frozen shoulder."
conditions/frozen-shoulder,https://carlcelinodspnza.github.io/applied-kinesiology-sacramento-preview/conditions/frozen-shoulder/,cond-frozen-assess.jpg,replace,"replaces the line drawing ""One link in a chain doing the work of the others"" (slot 2 in <main>), under ""We test what the arm is standing on""",7:5,final_v2/web/cond-frozen-assess.jpg,"Practitioner holding a seated woman's arm out to the side while feeling her shoulder blade, with a glowing overlay of the shoulder and arm bones and a red glow at the shoulder joint."
conditions/frozen-shoulder,https://carlcelinodspnza.github.io/applied-kinesiology-sacramento-preview/conditions/frozen-shoulder/,cond-frozen-treat.jpg,replace,"replaces the line drawing ""Hands, low level laser and a pulsed magnetic coil"" (slot 3 in <main>), under ""Give the capsule a reason to let go""",7:5,final_v2/web/cond-frozen-treat.jpg,"Practitioner steadying a seated woman's shoulder and supporting her outstretched arm, with a glowing overlay of the shoulder and arm bones and a red glow at the shoulder joint."
conditions/headache-migraine,https://carlcelinodspnza.github.io/applied-kinesiology-sacramento-preview/conditions/headache-migraine/,cond-headache-hero.jpg,replace,"replaces the line drawing ""Head and neck with the upper cervical segments"" (slot 1 in <main>), under ""Headache and Migraine Care in Roseville""",7:5,final_v2/web/cond-headache-hero.jpg,Engraving-style illustration of the skull and neck vertebrae in side view.
conditions/headache-migraine,https://carlcelinodspnza.github.io/applied-kinesiology-sacramento-preview/conditions/headache-migraine/,cond-headache-assess.jpg,replace,"replaces the line drawing ""One link in a chain doing the work of the others"" (slot 2 in <main>), under ""We look hardest at the days between the headaches""",7:5,final_v2/web/cond-headache-assess.jpg,"Practitioner's fingertips at the base of a seated woman's skull, with a glowing overlay of the neck vertebrae and a red glow at the upper neck."
conditions/headache-migraine,https://carlcelinodspnza.github.io/applied-kinesiology-sacramento-preview/conditions/headache-migraine/,cond-headache-treat.jpg,replace,"replaces the line drawing ""Hands, low level laser and a pulsed magnetic coil"" (slot 3 in <main>), under ""Work the neck, the jaw and the load behind them""",7:5,final_v2/web/cond-headache-treat.jpg,"Handheld cold-laser probe at the base of a seated woman's skull, with a glowing overlay of the neck and a red glow at the top of the neck."
conditions/low-back-pain,https://carlcelinodspnza.github.io/applied-kinesiology-sacramento-preview/conditions/low-back-pain/,cond-lbp-hero.jpg,replace,"replaces the line drawing ""Lumbar spine seen from the side"" (slot 1 in <main>), under ""Low Back Pain Treatment in Roseville""",7:5,final_v2/web/cond-lbp-hero.jpg,Engraving-style illustration of the five lumbar vertebrae and the sacrum in side view.
conditions/low-back-pain,https://carlcelinodspnza.github.io/applied-kinesiology-sacramento-preview/conditions/low-back-pain/,cond-lbp-assess.jpg,replace,"replaces the line drawing ""One link in a chain doing the work of the others"" (slot 2 in <main>), under ""We test the whole chain, not only the sore part""",7:5,final_v2/web/cond-lbp-assess.jpg,"Straight-leg-raise test: the practitioner lifts a man's leg as he lies on his back, with a glowing overlay of the lower spine, pelvis and thigh bone and a red glow at the lower back."
conditions/low-back-pain,https://carlcelinodspnza.github.io/applied-kinesiology-sacramento-preview/conditions/low-back-pain/,cond-lbp-treat.jpg,replace,"replaces the line drawing ""Hands, low level laser and a pulsed magnetic coil"" (slot 3 in <main>), under ""Hands and instruments, in the same room""",7:5,final_v2/web/cond-lbp-treat.jpg,"Man lying face down while a stand-mounted laser shines three red lines on his lower back, with a glowing overlay of the lower spine and pelvis and a red glow at the lowest vertebrae."
conditions/osteoarthritis,https://carlcelinodspnza.github.io/applied-kinesiology-sacramento-preview/conditions/osteoarthritis/,cond-oa-hero.jpg,replace,"replaces the line drawing ""Joint surfaces with a narrowed space between them"" (slot 1 in <main>), under ""Osteoarthritis Care in Roseville""",7:5,final_v2/web/cond-oa-hero.jpg,"Engraving-style illustration of the knee joint from the front, showing the thigh bone, shin bone, kneecap and the ligament between them."
conditions/osteoarthritis,https://carlcelinodspnza.github.io/applied-kinesiology-sacramento-preview/conditions/osteoarthritis/,cond-oa-assess.jpg,replace,"replaces the line drawing ""One link in a chain doing the work of the others"" (slot 2 in <main>), under ""We measure what the joint is being asked to carry""",7:5,final_v2/web/cond-oa-assess.jpg,"Practitioner kneeling beside a man in a shallow squat and feeling the outside of his knee, with a glowing overlay of the knee joint and a red glow at the knee."
conditions/osteoarthritis,https://carlcelinodspnza.github.io/applied-kinesiology-sacramento-preview/conditions/osteoarthritis/,cond-oa-treat.jpg,replace,"replaces the line drawing ""Hands, low level laser and a pulsed magnetic coil"" (slot 3 in <main>), under ""Change the load before you change the joint""",7:5,final_v2/web/cond-oa-treat.jpg,"Man seated on the table with legs out straight while a stand-mounted laser shines red lines on his knee, with a glowing overlay of the leg bones and a red glow at the knee joint."
conditions/osteoporosis,https://carlcelinodspnza.github.io/applied-kinesiology-sacramento-preview/conditions/osteoporosis/,cond-osteo-hero.jpg,replace,"replaces the line drawing ""Trabecular bone becoming less dense"" (slot 1 in <main>), under ""Osteoporosis Care in Roseville""",7:5,final_v2/web/cond-osteo-hero.jpg,"Engraving-style illustration of two thigh bones side by side, the one on the right with a sparser inner lattice, showing bone loss."
conditions/osteoporosis,https://carlcelinodspnza.github.io/applied-kinesiology-sacramento-preview/conditions/osteoporosis/,cond-osteo-assess.jpg,replace,"replaces the line drawing ""One link in a chain doing the work of the others"" (slot 2 in <main>), under ""The examination sets the force ceiling before anything else""",7:5,final_v2/web/cond-osteo-assess.jpg,"Older woman balancing on one foot, holding the table edge, the practitioner ready to steady her; a glowing overlay of the spine and hip with red glows at the mid back and hip."
conditions/osteoporosis,https://carlcelinodspnza.github.io/applied-kinesiology-sacramento-preview/conditions/osteoporosis/,cond-osteo-treat.jpg,replace,"replaces the line drawing ""Hands, low level laser and a pulsed magnetic coil"" (slot 3 in <main>), under ""Low force, and the parts of this that are not adjusting at all""",7:5,final_v2/web/cond-osteo-treat.jpg,"Older woman lying face down while the practitioner applies a small adjusting instrument to her mid back, with a glowing overlay of the spine and inner ribs and a red glow at the mid back."
conditions/pinched-nerve,https://carlcelinodspnza.github.io/applied-kinesiology-sacramento-preview/conditions/pinched-nerve/,cond-pinched-hero.jpg,replace,"replaces the line drawing ""A nerve root leaving the spine at a compressed segment"" (slot 1 in <main>), under ""Pinched Nerve Treatment in Roseville""",7:5,final_v2/web/cond-pinched-hero.jpg,"Engraving-style illustration of two vertebrae in side view, with a bulging disc pressing on a nerve root where it leaves the spine."
conditions/pinched-nerve,https://carlcelinodspnza.github.io/applied-kinesiology-sacramento-preview/conditions/pinched-nerve/,cond-pinched-assess.jpg,replace,"replaces the line drawing ""One link in a chain doing the work of the others"" (slot 2 in <main>), under ""We test the whole run of the nerve""",7:5,final_v2/web/cond-pinched-assess.jpg,"Practitioner testing the reflex at the elbow of a man lying on the table, with a glowing overlay of the nerve running from his neck down the arm and a red glow where it leaves the neck."
conditions/pinched-nerve,https://carlcelinodspnza.github.io/applied-kinesiology-sacramento-preview/conditions/pinched-nerve/,cond-pinched-treat.jpg,replace,"replaces the line drawing ""Hands, low level laser and a pulsed magnetic coil"" (slot 3 in <main>), under ""Take the pressure off, then keep it off""",7:5,final_v2/web/cond-pinched-treat.jpg,"Man lying face down with a ring-shaped PEMF coil resting on his upper back, cabled to a console, with a glowing overlay of the spine and a red glow at the base of the neck."
conditions/plantar-fasciitis,https://carlcelinodspnza.github.io/applied-kinesiology-sacramento-preview/conditions/plantar-fasciitis/,cond-plantar-treat.jpg,new frame,"new frame beside the ""What treatment involves"" section: turn its full-width text column into the site's 7/5 text + frame split and put the image in the 5-column frame",1:1,final_v2/web/cond-plantar-treat.jpg,"Stand-mounted laser shining three red lines on the heel of a bare foot resting on a towel, with a glowing overlay of the foot bones and a red glow under the heel."
conditions/pregnancy-pain,https://carlcelinodspnza.github.io/applied-kinesiology-sacramento-preview/conditions/pregnancy-pain/,cond-pregnancy-treat.jpg,new frame,"new frame beside the ""What treatment involves"" section: turn its full-width text column into the site's 7/5 text + frame split and put the image in the 5-column frame",1:1,final_v2/web/cond-pregnancy-treat.jpg,"Pregnant woman seated on the treatment table, the practitioner's hands on her lower back, with a glowing side view of the lower spine and pelvis and a red glow at the sacroiliac joint."
conditions/sciatica,https://carlcelinodspnza.github.io/applied-kinesiology-sacramento-preview/conditions/sciatica/,cond-sciatica-treat.jpg,replace,"replaces the line drawing (slot 2 in <main>), under ""What treatment involves""",3:2,final_v2/web/cond-sciatica-treat.jpg,"Man lying face down while the practitioner holds a laser probe over his buttock, with a glowing overlay of the pelvis and the sciatic nerve down the leg and a red glow at the buttock."
conditions/scoliosis,https://carlcelinodspnza.github.io/applied-kinesiology-sacramento-preview/conditions/scoliosis/,cond-scoliosis-treat.jpg,new frame,"new frame beside the ""What treatment involves"" section: turn its full-width text column into the site's 7/5 text + frame split and put the image in the 5-column frame",1:1,final_v2/web/cond-scoliosis-treat.jpg,"Woman lying face down while the practitioner's hands rest either side of her spine, with a glowing overlay of a gently curved spine and a red glow along the muscles on one side."
conditions/shoulder-pain,https://carlcelinodspnza.github.io/applied-kinesiology-sacramento-preview/conditions/shoulder-pain/,cond-shoulder-treat.jpg,new frame,"new frame beside the ""What treatment involves"" section: turn its full-width text column into the site's 7/5 text + frame split and put the image in the 5-column frame",1:1,final_v2/web/cond-shoulder-treat.jpg,"Practitioner working along the edge of a seated man's shoulder blade, with a glowing overlay of the shoulder blade and rotator cuff and a red glow at the top of the shoulder."
conditions/slipped-disc,https://carlcelinodspnza.github.io/applied-kinesiology-sacramento-preview/conditions/slipped-disc/,cond-disc-treat.jpg,new frame,"new frame beside the ""What treatment involves"" section: turn its full-width text column into the site's 7/5 text + frame split and put the image in the 5-column frame",1:1,final_v2/web/cond-disc-treat.jpg,"Man lying face down with a ring-shaped PEMF coil on his lower back, cabled to a console, with a glowing overlay of the spine and a red glow at the lowest lumbar disc."
conditions/stress,https://carlcelinodspnza.github.io/applied-kinesiology-sacramento-preview/conditions/stress/,cond-stress-treat.jpg,new frame,"new frame beside the ""What treatment involves"" section: turn its full-width text column into the site's 7/5 text + frame split and put the image in the 5-column frame",1:1,final_v2/web/cond-stress-treat.jpg,"Practitioner's thumbs pressing into the tops of a face-down woman's shoulders, with a glowing overlay of the neck and upper back muscles and red glows at the base of the neck."
conditions/tennis-elbow,https://carlcelinodspnza.github.io/applied-kinesiology-sacramento-preview/conditions/tennis-elbow/,cond-tennis-treat.jpg,new frame,"new frame beside the ""What treatment involves"" section: turn its full-width text column into the site's 7/5 text + frame split and put the image in the 5-column frame",1:1,final_v2/web/cond-tennis-treat.jpg,"Handheld cold-laser probe at the outer elbow of a man lying on the table with his arm on a towel, with a glowing overlay of the elbow and forearm and a red glow at the outer elbow."
conditions/upper-back-neck-pain,https://carlcelinodspnza.github.io/applied-kinesiology-sacramento-preview/conditions/upper-back-neck-pain/,cond-neck-treat.jpg,new frame,"new frame beside the ""What treatment involves"" section: turn its full-width text column into the site's 7/5 text + frame split and put the image in the 5-column frame",1:1,final_v2/web/cond-neck-treat.jpg,"Practitioner's stacked hands on the upper back of a woman lying face down, with a glowing overlay of the spine and shoulder blades and a red glow between the shoulder blades."
conditions/whiplash,https://carlcelinodspnza.github.io/applied-kinesiology-sacramento-preview/conditions/whiplash/,cond-whiplash-treat.jpg,new frame,"new frame beside the ""What treatment involves"" section: turn its full-width text column into the site's 7/5 text + frame split and put the image in the 5-column frame",1:1,final_v2/web/cond-whiplash-treat.jpg,"Practitioner's hands on either side of the neck of a woman lying face down, with a glowing overlay of the neck vertebrae and a red glow along the neck muscles."
conditions/work-injury,https://carlcelinodspnza.github.io/applied-kinesiology-sacramento-preview/conditions/work-injury/,cond-work-treat.jpg,new frame,"new frame beside the ""What treatment involves"" section: turn its full-width text column into the site's 7/5 text + frame split and put the image in the 5-column frame",1:1,final_v2/web/cond-work-treat.jpg,"Man in work clothes squatting to lift a box while the practitioner guides his lower back, with a glowing overlay of the lower spine and pelvis and a red glow at the lower back."
patient-info/faq,https://carlcelinodspnza.github.io/applied-kinesiology-sacramento-preview/patient-info/faq/,pi-faq-hero.jpg,replace,"replaces the line drawing ""Questions patients ask, answered plainly"" (slot 1 in <main>), under ""Frequently Asked Questions""",4:3,final_v2/web/pi-faq-hero.jpg,"Patient and practitioner talking across a small round table with cups of tea and a notebook, the clinic behind them."
patient-info/faq,https://carlcelinodspnza.github.io/applied-kinesiology-sacramento-preview/patient-info/faq/,ak-legit-hero.jpg,replace,"replaces the line drawing ""A muscle held against steady pressure while it is tested"" (slot 2 in <main>), under ""Is muscle testing a diagnosis?""",7:5,final_v2/web/ak-legit-hero.jpg,"Manual muscle test: the practitioner's flat hand presses on a lying patient's raised forearm while he steadies her elbow; the forearm muscles glow, with red at the muscle being tested."
patient-info/faq,https://carlcelinodspnza.github.io/applied-kinesiology-sacramento-preview/patient-info/faq/,ak-balance.jpg,replace,"replaces the line drawing ""A balance weighing what a method can and cannot claim"" (slot 3 in <main>), under ""The boundary, stated plainly""",1:1,final_v2/web/ak-balance.jpg,"Engraving-style illustration of a two-pan balance scale, level."
patient-info/first-visit,https://carlcelinodspnza.github.io/applied-kinesiology-sacramento-preview/patient-info/first-visit/,pi-first-hero.jpg,replace,"replaces the line drawing ""A visit that moves through history, testing, findings and a plan"" (slot 1 in <main>), under ""Your First Visit: What to Expect""",7:5,final_v2/web/pi-first-hero.jpg,"Practitioner with a clipboard talking with a seated man at his first visit, with a glowing overlay of his spine and a red glow at the lower back."
patient-info/first-visit,https://carlcelinodspnza.github.io/applied-kinesiology-sacramento-preview/patient-info/first-visit/,ak-mtest.jpg,replace,"replaces the line drawing ""A muscle held against steady pressure while it is tested"" (slot 2 in <main>), under ""History, examination, findings, plan""",5:4,final_v2/web/ak-mtest.jpg,"Manual muscle test: the practitioner presses down on a seated woman's outstretched arm, with a glowing overlay of the arm and shoulder muscles and a red glow at the shoulder."
patient-info/first-visit,https://carlcelinodspnza.github.io/applied-kinesiology-sacramento-preview/patient-info/first-visit/,pi-first-bring.jpg,replace,"replaces the line drawing ""A balance weighing what a method can and cannot claim"" (slot 3 in <main>), under ""Five minutes of preparation saves half the appointment""",7:5,final_v2/web/pi-first-bring.jpg,"What to bring to a first visit: an X-ray in its envelope, a medication list, a pill organiser, medicine boxes, an intake form on a clipboard, and reading glasses."
patient-info/forms,https://carlcelinodspnza.github.io/applied-kinesiology-sacramento-preview/patient-info/forms/,pi-forms-hero.jpg,replace,"replaces the line drawing ""A diagram of two routes to the same appointment: an upper route through a completed sheet of paper, and a lower route through a telephone handset, both arriving at the same door."" (slot 1 in <main>), under ""Patient Forms""",5:3,final_v2/web/pi-forms-hero.jpg,"Blank intake form on a clipboard with a pen on the front counter, next to a desk telephone."
services,https://carlcelinodspnza.github.io/applied-kinesiology-sacramento-preview/services/,svc-hub-hero.jpg,replace,"replaces the image gen_anatomy_spine_lateral.jpg (slot 1 in <main>), under ""Our Treatments in Roseville""",1:1,final_v2/web/svc-hub-hero.jpg,"The treatment room: a padded adjusting table, a stand-mounted laser on its arm, and a ring-shaped PEMF coil with its console on a side table."
services/cold-laser-therapy,https://carlcelinodspnza.github.io/applied-kinesiology-sacramento-preview/services/cold-laser-therapy/,svc-cold-hero.jpg,replace,"replaces the image gen_anatomy_knee_joint.jpg (slot 1 in <main>), under ""Cold Laser Therapy in Roseville""",1:1,final_v2/web/svc-cold-hero.jpg,"Handheld cold-laser probe at the inner knee of a woman sitting on the treatment table, with a glowing overlay of the knee joint and a red glow at the joint."
services/fx-635-laser-therapy,https://carlcelinodspnza.github.io/applied-kinesiology-sacramento-preview/services/fx-635-laser-therapy/,svc-fx635-device.jpg,replace,"replaces the image gen_anatomy_knee_joint.jpg (slot 1 in <main>), under ""The device, described honestly""",1:1,final_v2/web/svc-fx635-device.jpg,"Stand-mounted low-level laser shining three red lines onto a patient's heel, with a glowing overlay of the foot bones and a red glow under the heel."
services/hormone-therapy-management,https://carlcelinodspnza.github.io/applied-kinesiology-sacramento-preview/services/hormone-therapy-management/,svc-hormone-thyroid.jpg,replace,"replaces the image gen_anatomy_endocrine_thyroid.jpg (slot 1 in <main>), under ""Hormone Therapy Management in Roseville""",1:1,final_v2/web/svc-hormone-thyroid.jpg,"Engraving-style illustration of the thyroid gland on the windpipe, below the larynx."
services/nutritional-counseling,https://carlcelinodspnza.github.io/applied-kinesiology-sacramento-preview/services/nutritional-counseling/,svc-nutrition-consult.jpg,new frame,"new frame beside the ""Who is actually giving the advice"" section: turn its full-width text column into the site's 7/5 text + frame split and put the image in the 5-column frame",1:1,final_v2/web/svc-nutrition-consult.jpg,"Nutrition consultation: the practitioner with an open food diary, a bowl of greens, lentils and berries, supplement bottles and water, the patient across the table."
services/pemf-therapy,https://carlcelinodspnza.github.io/applied-kinesiology-sacramento-preview/services/pemf-therapy/,svc-pemf-hero.jpg,replace,"replaces the image gen_anatomy_vertebra_disc.jpg (slot 1 in <main>), under ""PEMF Therapy in Roseville""",1:1,final_v2/web/svc-pemf-hero.jpg,"Man lying face down with a ring-shaped PEMF coil resting on his lower back, cabled to its console, with a glowing overlay of the lower spine and pelvis and a red glow at the lower back."
